,math_scores,chemistry_scores,information_technology_scores,physics_scores,total_score,average_score
count,5,5,5,5,5,5
mean,64,53.8,54.6,51.4,223.8,55.95
std,27.45906044,33.39461034,38.90758281,37.41390116,85.15984969,21.28996242
min,20,23,6,6,92,23
25%,56,32,34,25,186,46.5
50%,76,36,45,48,260,65
75%,78,78,88,88,290,72.5
max,90,100,100,90,291,72.75
